<?xml version="1.0" encoding="UTF-8"?>
<databaseChangeLog
        xmlns="http://www.liquibase.org/xml/ns/dbchangelog"
        xmlns:xsi="http://www.w3.org/2001/XMLSchema-instance"
        xsi:schemaLocation="http://www.liquibase.org/xml/ns/dbchangelog https://www.liquibase.org/xml/ns/dbchangelog/dbchangelog-4.25.xsd">

    <changeSet id="2025-12-06-create-user-profile-table" author="ai-assistant">
        <createTable tableName="user_profile">
            <column name="id" type="BIGINT" autoIncrement="true">
                <constraints primaryKey="true" nullable="false"/>
            </column>
            <column name="email" type="VARCHAR(255)">
                <constraints nullable="false" unique="true"/>
            </column>
            <column name="full_name" type="VARCHAR(255)"/>
            <column name="current_role" type="VARCHAR(255)"/>
            <column name="target_role" type="VARCHAR(255)"/>
            <column name="years_of_experience" type="INT"/>
            <column name="skills" type="CLOB"/>
            <column name="bio" type="CLOB"/>
            <column name="created_at" type="TIMESTAMP"/>
            <column name="updated_at" type="TIMESTAMP"/>
        </createTable>
    </changeSet>
</databaseChangeLog>









