<?xml version="1.0" encoding="UTF-8"?>
<databaseChangeLog
        xmlns="http://www.liquibase.org/xml/ns/dbchangelog"
        xmlns:xsi="http://www.w3.org/2001/XMLSchema-instance"
        xsi:schemaLocation="http://www.liquibase.org/xml/ns/dbchangelog https://www.liquibase.org/xml/ns/dbchangelog/dbchangelog-4.25.xsd">

    <changeSet id="2025-12-06-create-cv-summary-table" author="ai-assistant">
        <createTable tableName="cv_summary">
            <column name="id" type="BIGINT" autoIncrement="true">
                <constraints primaryKey="true" nullable="false"/>
            </column>
            <column name="email" type="VARCHAR(255)">
                <constraints nullable="false" unique="true"/>
            </column>
            <column name="headline" type="VARCHAR(512)"/>
            <column name="parsed_skills" type="CLOB"/>
            <column name="experience_summary" type="CLOB"/>
            <column name="raw_text" type="CLOB"/>
            <column name="created_at" type="TIMESTAMP"/>
            <column name="updated_at" type="TIMESTAMP"/>
        </createTable>
    </changeSet>
</databaseChangeLog>









