<?xml version="1.0" encoding="UTF-8"?>
<databaseChangeLog
        xmlns="http://www.liquibase.org/xml/ns/dbchangelog"
        xmlns:xsi="http://www.w3.org/2001/XMLSchema-instance"
        xsi:schemaLocation="http://www.liquibase.org/xml/ns/dbchangelog
            https://www.liquibase.org/xml/ns/dbchangelog/dbchangelog-4.25.xsd">

    <changeSet id="2025-12-06-create-roadmap-task-table" author="cursor">
        <preConditions onFail="MARK_RAN" onError="MARK_RAN">
            <not>
                <tableExists tableName="roadmap_task"/>
            </not>
        </preConditions>

        <createTable tableName="roadmap_task">
            <column name="id" type="BIGINT" autoIncrement="true">
                <constraints primaryKey="true" nullable="false"/>
            </column>

            <column name="email" type="VARCHAR(255)"/>
            <column name="task_key" type="VARCHAR(255)"/>
            <column name="title" type="VARCHAR(255)"/>
            <column name="description" type="CLOB"/>

            <column name="completed" type="BOOLEAN" defaultValueBoolean="false">
                <constraints nullable="false"/>
            </column>

            <column name="updated_at" type="TIMESTAMP"/>
        </createTable>

        <createIndex tableName="roadmap_task" indexName="idx_roadmap_task_email">
            <column name="email"/>
        </createIndex>
    </changeSet>

</databaseChangeLog>

