<?xml version="1.0" encoding="UTF-8"?>
<databaseChangeLog
        xmlns="http://www.liquibase.org/xml/ns/dbchangelog"
        xmlns:xsi="http://www.w3.org/2001/XMLSchema-instance"
        xsi:schemaLocation="
          http://www.liquibase.org/xml/ns/dbchangelog
          http://www.liquibase.org/xml/ns/dbchangelog/dbchangelog-4.24.xsd">

    <changeSet id="2025-12-01-add-password-to-app-users" author="chatgpt">
        <!-- Kui veerg juba olemas, märgi changeSet lihtsalt tehtuks -->
        <preConditions onFail="MARK_RAN">
            <not>
                <columnExists tableName="app_users" columnName="password"/>
            </not>
        </preConditions>

        <addColumn tableName="app_users">
            <column name="password" type="varchar(255)" defaultValue="changeme">
                <constraints nullable="false"/>
            </column>
        </addColumn>
    </changeSet>

</databaseChangeLog>
