<?xml version="1.0" encoding="UTF-8"?>
<databaseChangeLog
        xmlns="http://www.liquibase.org/xml/ns/dbchangelog"
        xmlns:xsi="http://www.w3.org/2001/XMLSchema-instance"
        xsi:schemaLocation="http://www.liquibase.org/xml/ns/dbchangelog
            https://www.liquibase.org/xml/ns/dbchangelog/dbchangelog-4.25.xsd">

    <changeSet id="003-create-app-user-table" author="krerte">
        <preConditions onFail="MARK_RAN" onError="MARK_RAN">
            <not>
                <tableExists tableName="app_users"/>
            </not>
        </preConditions>

        <createTable tableName="app_users">
            <column name="id" type="BIGINT" autoIncrement="true">
                <constraints primaryKey="true" nullable="false"/>
            </column>

            <column name="email" type="VARCHAR(255)">
                <constraints nullable="false" unique="true"/>
            </column>

            <column name="password" type="VARCHAR(255)">
                <constraints nullable="false"/>
            </column>

            <column name="full_name" type="VARCHAR(255)"/>

            <column name="role" type="VARCHAR(50)">
                <constraints nullable="false"/>
            </column>

            <column name="enabled" type="BOOLEAN" defaultValueBoolean="true">
                <constraints nullable="false"/>
            </column>

            <column name="created_at" type="TIMESTAMP" defaultValueComputed="CURRENT_TIMESTAMP">
                <constraints nullable="false"/>
            </column>

            <column name="updated_at" type="TIMESTAMP"/>
        </createTable>
    </changeSet>

</databaseChangeLog>

