<?xml version="1.0" encoding="UTF-8"?>
<databaseChangeLog
        xmlns="http://www.liquibase.org/xml/ns/dbchangelog"
        xmlns:xsi="http://www.w3.org/2001/XMLSchema-instance"
        xsi:schemaLocation="http://www.liquibase.org/xml/ns/dbchangelog
            https://www.liquibase.org/xml/ns/dbchangelog/dbchangelog-4.25.xsd">

    <!-- MAIN TABLE CREATION -->
    <include file="001-create-training-progress-table.xml" relativeToChangelogFile="true"/>
    <include file="002-create-job-analysis-session-table.xml" relativeToChangelogFile="true"/>
    <include file="003-create-app-user-table.xml" relativeToChangelogFile="true"/>

    <!-- UPDATES -->
    <include file="004-add-status-lastactivity-training-progress.xml" relativeToChangelogFile="true"/>

    <!-- TRAINING_TASK RELATED CHANGES -->
    <include file="changes/001-create-training-task-h2.xml" relativeToChangelogFile="true"/>
    <include file="changes/002-add-score-updatedat.xml" relativeToChangelogFile="true"/>
    <include file="changes/006-create-softskill_training_task.xml" relativeToChangelogFile="true"/>
    <include file="changes/006-create-workstyle-session.xml" relativeToChangelogFile="true"/>
    <include file="changes/007-seed-test-data.xml" relativeToChangelogFile="true"/>

</databaseChangeLog>
