<?xml version="1.0" encoding="UTF-8"?>
<databaseChangeLog
        xmlns="http://www.liquibase.org/xml/ns/dbchangelog"
        xmlns:xsi="http://www.w3.org/2001/XMLSchema-instance"
        xsi:schemaLocation="http://www.liquibase.org/xml/ns/dbchangelog
        https://www.liquibase.org/xml/ns/dbchangelog/dbchangelog-3.8.xsd">

    <changeSet id="004-create-app-users-h2" author="chatgpt">

        <createTable tableName="app_users">
            <column name="id" type="BIGINT" autoIncrement="true">
                <constraints primaryKey="true" nullable="false"/>
            </column>

            <column name="email" type="VARCHAR(255)">
                <constraints nullable="false" unique="true"/>
            </column>

            <column name="full_name" type="VARCHAR(255)"/>

            <column name="role" type="VARCHAR(50)" defaultValue="USER"/>

            <column name="created_at" type="TIMESTAMP"
                    defaultValueDate="CURRENT_TIMESTAMP"/>

        </createTable>

    </changeSet>

</databaseChangeLog>
